{"cameraMode":{"drawMode":0,"name":"Shaded","section":"Shading Mode"},"sceneLighting":true,"audioPlay":false,"sceneViewState":{"showFog":true,"showMaterialUpdate":false,"showSkybox":true,"showFlares":true,"showImageEffects":true,"showParticleSystems":true},"in2DMode":false,"pivot":{"x":-0.35205069184303286,"y":1.3435955047607422,"z":-5.337606430053711},"rotation":{"x":0.05384453758597374,"y":0.7736994028091431,"z":-0.06668011099100113,"w":0.6277291178703308},"size":1.545715570449829,"orthographic":false}